word,pred_seed42,gold_segmentation,source,sentence,pred_seed123,pred_seed456,correct_seed42,correct_seed123,correct_seed456
Postinumeroalueista,Postinumeroalue + ista,posti + numero + alue + i + sta,Helsinki,Postinumeroalueista eniten ulkomaalaistaustaisia asuu Kontula - Vesala - Kivikko -alueella eli 43 prosenttia väestöstä.,Postinumeroalue + ista,Postinumeroalue + ista,0,0,0
eniten,eniten,eniten,Helsinki,Postinumeroalueista eniten ulkomaalaistaustaisia asuu Kontula - Vesala - Kivikko -alueella eli 43 prosenttia väestöstä.,eniten,eniten,1,1,1
ulkomaalaistaustaisia,ulko + maalaistaustaisia,ulko + maa + lais + tausta + is + i + a,Helsinki,Postinumeroalueista eniten ulkomaalaistaustaisia asuu Kontula - Vesala - Kivikko -alueella eli 43 prosenttia väestöstä.,ulko + maalaistaustaisia,ulko + maalaistaustaisia,0,0,0
Kontula,Kontula,Kontula,Helsinki,Postinumeroalueista eniten ulkomaalaistaustaisia asuu Kontula - Vesala - Kivikko -alueella eli 43 prosenttia väestöstä.,Kontula,Kontula,1,1,1
Vesala,Vesala,Vesala,Helsinki,Postinumeroalueista eniten ulkomaalaistaustaisia asuu Kontula - Vesala - Kivikko -alueella eli 43 prosenttia väestöstä.,Vesala,Vesala,1,1,1
Kivikko,Kivikko,Kivikko,Helsinki,Postinumeroalueista eniten ulkomaalaistaustaisia asuu Kontula - Vesala - Kivikko -alueella eli 43 prosenttia väestöstä.,Kivikko,Kivikko,1,1,1
alueella,alue + ella,alue + lla,Helsinki,Postinumeroalueista eniten ulkomaalaistaustaisia asuu Kontula - Vesala - Kivikko -alueella eli 43 prosenttia väestöstä.,alue + ella,alue + ella,0,0,0
prosenttia,prosentti + a,prosentti + a,Helsinki,Postinumeroalueista eniten ulkomaalaistaustaisia asuu Kontula - Vesala - Kivikko -alueella eli 43 prosenttia väestöstä.,prosentti + a,prosentti + a,1,1,1
väestöstä,väestö + stä,väestö + stä,Helsinki,Postinumeroalueista eniten ulkomaalaistaustaisia asuu Kontula - Vesala - Kivikko -alueella eli 43 prosenttia väestöstä.,väestö + stä,väestö + stä,1,1,1
luvun,lu + vun,luku + n,Helsinki,"1920-luvun klassismi vaihettui vähitellen pelkistyen funktionalismiin ja jätti Helsinkiin paljon rakennuksia, jotka tyylillisesti ovat näiden tyylisuuntien leikkauspinnalta.",lu + vun,luvu + n,0,0,0
klassismi,klassismi,klassismi,Helsinki,"1920-luvun klassismi vaihettui vähitellen pelkistyen funktionalismiin ja jätti Helsinkiin paljon rakennuksia, jotka tyylillisesti ovat näiden tyylisuuntien leikkauspinnalta.",klassismi,klassismi,1,1,1
vaihettui,vaihettu + i,vaihtu + i,Helsinki,"1920-luvun klassismi vaihettui vähitellen pelkistyen funktionalismiin ja jätti Helsinkiin paljon rakennuksia, jotka tyylillisesti ovat näiden tyylisuuntien leikkauspinnalta.",vaihettu + i,vaihettu + i,0,0,0
vähitellen,vähitellen,vähitellen,Helsinki,"1920-luvun klassismi vaihettui vähitellen pelkistyen funktionalismiin ja jätti Helsinkiin paljon rakennuksia, jotka tyylillisesti ovat näiden tyylisuuntien leikkauspinnalta.",vähitell + en,vähitell + en,1,0,0
pelkistyen,pelkisty + en,pelkisty + en,Helsinki,"1920-luvun klassismi vaihettui vähitellen pelkistyen funktionalismiin ja jätti Helsinkiin paljon rakennuksia, jotka tyylillisesti ovat näiden tyylisuuntien leikkauspinnalta.",pelkisty + en,pelkisty + en,1,1,1
funktionalismiin,funktionalismi + in,funktionalismi + in,Helsinki,"1920-luvun klassismi vaihettui vähitellen pelkistyen funktionalismiin ja jätti Helsinkiin paljon rakennuksia, jotka tyylillisesti ovat näiden tyylisuuntien leikkauspinnalta.",funktionalismi + in,funktionalismi + in,1,1,1
jätti,jätt + i,jätt + i,Helsinki,"1920-luvun klassismi vaihettui vähitellen pelkistyen funktionalismiin ja jätti Helsinkiin paljon rakennuksia, jotka tyylillisesti ovat näiden tyylisuuntien leikkauspinnalta.",jätt + i,jätt + i,1,1,1
Helsinkiin,Helsinki + in,Helsinki + in,Helsinki,"1920-luvun klassismi vaihettui vähitellen pelkistyen funktionalismiin ja jätti Helsinkiin paljon rakennuksia, jotka tyylillisesti ovat näiden tyylisuuntien leikkauspinnalta.",Helsinki + in,Helsinki + in,1,1,1
paljon,paljon,paljon,Helsinki,"1920-luvun klassismi vaihettui vähitellen pelkistyen funktionalismiin ja jätti Helsinkiin paljon rakennuksia, jotka tyylillisesti ovat näiden tyylisuuntien leikkauspinnalta.",paljon,paljon,1,1,1
rakennuksia,rakennu + ksia,rakennus + i + a,Helsinki,"1920-luvun klassismi vaihettui vähitellen pelkistyen funktionalismiin ja jätti Helsinkiin paljon rakennuksia, jotka tyylillisesti ovat näiden tyylisuuntien leikkauspinnalta.",rakennu + ksia,rakennu + ksia,0,0,0
jotka,jo + tka,joka + t,Helsinki,"1920-luvun klassismi vaihettui vähitellen pelkistyen funktionalismiin ja jätti Helsinkiin paljon rakennuksia, jotka tyylillisesti ovat näiden tyylisuuntien leikkauspinnalta.",jo + tka,jo + tka,0,0,0
tyylillisesti,tyylillisesti,tyyli + llise + sti,Helsinki,"1920-luvun klassismi vaihettui vähitellen pelkistyen funktionalismiin ja jätti Helsinkiin paljon rakennuksia, jotka tyylillisesti ovat näiden tyylisuuntien leikkauspinnalta.",tyylillisesti,tyylillisesti,0,0,0
näiden,nä + iden,nämä + i + den,Helsinki,"1920-luvun klassismi vaihettui vähitellen pelkistyen funktionalismiin ja jätti Helsinkiin paljon rakennuksia, jotka tyylillisesti ovat näiden tyylisuuntien leikkauspinnalta.",nä + iden,nä + iden,0,0,0
tyylisuuntien,tyyli + suuntien,tyyli + suunta + i + en,Helsinki,"1920-luvun klassismi vaihettui vähitellen pelkistyen funktionalismiin ja jätti Helsinkiin paljon rakennuksia, jotka tyylillisesti ovat näiden tyylisuuntien leikkauspinnalta.",tyyli + suuntien,tyyli + suuntien,0,0,0
leikkauspinnalta,leikkaus + pinnalta,leikkaus + pinta + lta,Helsinki,"1920-luvun klassismi vaihettui vähitellen pelkistyen funktionalismiin ja jätti Helsinkiin paljon rakennuksia, jotka tyylillisesti ovat näiden tyylisuuntien leikkauspinnalta.",leikkaus + pinnalta,leikkaus + pinnalta,0,0,0
Helsingistä,Helsin + gistä,Helsinki + stä,Helsinki,"Helsingistä kehkeytyi hallinto-, yliopisto- ja varuskuntakaupunki, ja se kasvoi maan todelliseksi teollisuuskeskukseksi.",Helsin + gistä,Helsin + gistä,0,0,0
kehkeytyi,kehkeyty + i,kehkeyty + i,Helsinki,"Helsingistä kehkeytyi hallinto-, yliopisto- ja varuskuntakaupunki, ja se kasvoi maan todelliseksi teollisuuskeskukseksi.",kehkeyty + i,kehkeyty + i,1,1,1
hallinto,hallinto,hallinto,Helsinki,"Helsingistä kehkeytyi hallinto-, yliopisto- ja varuskuntakaupunki, ja se kasvoi maan todelliseksi teollisuuskeskukseksi.",hallinto,hallinto,1,1,1
yliopisto,yli + opisto,yli + opisto,Helsinki,"Helsingistä kehkeytyi hallinto-, yliopisto- ja varuskuntakaupunki, ja se kasvoi maan todelliseksi teollisuuskeskukseksi.",yli + opisto,yli + opisto,1,1,1
varuskuntakaupunki,varus + kuntakaupunki,varus + kunta + kaupunki,Helsinki,"Helsingistä kehkeytyi hallinto-, yliopisto- ja varuskuntakaupunki, ja se kasvoi maan todelliseksi teollisuuskeskukseksi.",varus + kuntakaupunki,varus + kuntakaupunki,0,0,0
kasvoi,kasvo + i,kasvo + i,Helsinki,"Helsingistä kehkeytyi hallinto-, yliopisto- ja varuskuntakaupunki, ja se kasvoi maan todelliseksi teollisuuskeskukseksi.",kasvo + i,kasvo + i,1,1,1
todelliseksi,todelli + seksi,todellise + ksi,Helsinki,"Helsingistä kehkeytyi hallinto-, yliopisto- ja varuskuntakaupunki, ja se kasvoi maan todelliseksi teollisuuskeskukseksi.",todelli + seksi,todelli + seksi,0,0,0
teollisuuskeskukseksi,teollisuus + keskukseksi,teollisuus + keskus + ksi,Helsinki,"Helsingistä kehkeytyi hallinto-, yliopisto- ja varuskuntakaupunki, ja se kasvoi maan todelliseksi teollisuuskeskukseksi.",teollisuus + keskukseksi,teollisuus + keskukseksi,0,0,0
alussa,al + ussa,alku + ssa,Helsinki,1900-luvun alussa suomen- ja ruotsinkielisiä oli Helsingissä suunnilleen yhtä paljon; työläisistä enemmistö oli suomenkielisiä.,alu + ssa,alu + ssa,0,0,0
suomen,suom + en,suomi + n,Helsinki,1900-luvun alussa suomen- ja ruotsinkielisiä oli Helsingissä suunnilleen yhtä paljon; työläisistä enemmistö oli suomenkielisiä.,suom + en,suom + en,0,0,0
ruotsinkielisiä,ruotsin + kielisiä,ruotsi + n + kieli + s + i + ä,Helsinki,1900-luvun alussa suomen- ja ruotsinkielisiä oli Helsingissä suunnilleen yhtä paljon; työläisistä enemmistö oli suomenkielisiä.,ruotsin + kielisiä,ruotsin + kielisiä,0,0,0
Helsingissä,Helsin + gissä,Helsinki + ssä,Helsinki,1900-luvun alussa suomen- ja ruotsinkielisiä oli Helsingissä suunnilleen yhtä paljon; työläisistä enemmistö oli suomenkielisiä.,Helsin + gissä,Helsin + gissä,0,0,0
suunnilleen,suunnilleen,suunnilleen,Helsinki,1900-luvun alussa suomen- ja ruotsinkielisiä oli Helsingissä suunnilleen yhtä paljon; työläisistä enemmistö oli suomenkielisiä.,suun + nilleen,suunnilleen,1,0,1
työläisistä,työläi + sistä,työ + läis + i + stä,Helsinki,1900-luvun alussa suomen- ja ruotsinkielisiä oli Helsingissä suunnilleen yhtä paljon; työläisistä enemmistö oli suomenkielisiä.,työläi + sistä,työläi + sistä,0,0,0
enemmistö,enemmistö,enemmistö,Helsinki,1900-luvun alussa suomen- ja ruotsinkielisiä oli Helsingissä suunnilleen yhtä paljon; työläisistä enemmistö oli suomenkielisiä.,enemmistö,enemmistö,1,1,1
suomenkielisiä,suomen + kielisiä,suomi + n + kieli + s + i + ä,Helsinki,1900-luvun alussa suomen- ja ruotsinkielisiä oli Helsingissä suunnilleen yhtä paljon; työläisistä enemmistö oli suomenkielisiä.,suomen + kielisiä,suomen + kielisiä,0,0,0
Näistä,Nä + istä,tämä + i + stä,Helsinki,Näistä varsinaisia ulkomaan kansalaisia on 73 076 asukasta.,Nä + istä,Näi + stä,0,0,0
varsinaisia,varsinai + sia,varsi + nais + i + a,Helsinki,Näistä varsinaisia ulkomaan kansalaisia on 73 076 asukasta.,varsinai + sia,varsinai + sia,0,0,0
ulkomaan,ulko + maan,ulko + maa + n,Helsinki,Näistä varsinaisia ulkomaan kansalaisia on 73 076 asukasta.,ulko + maan,ulko + maan,0,0,0
kansalaisia,kansalai + sia,kansa + lais + i + a,Helsinki,Näistä varsinaisia ulkomaan kansalaisia on 73 076 asukasta.,kansalai + sia,kansalai + sia,0,0,0
asukasta,asukas + ta,asu + kas + ta,Helsinki,Näistä varsinaisia ulkomaan kansalaisia on 73 076 asukasta.,asukas + ta,asukas + ta,0,0,0
Kaupunkirakenne,Kaupunki + rakenne,kaupunki + rakenne,Helsinki,Kaupunkirakenne hajautui ja ihanteena oli luonnonläheisyys.,Kaupunki + rakenne,Kaupunkirakenne,1,1,0
hajautui,hajautu + i,hajautu + i,Helsinki,Kaupunkirakenne hajautui ja ihanteena oli luonnonläheisyys.,hajautu + i,hajautu + i,1,1,1
ihanteena,ihan + teena,ihanne + na,Helsinki,Kaupunkirakenne hajautui ja ihanteena oli luonnonläheisyys.,ihan + teena,ihan + teena,0,0,0
luonnonläheisyys,luonnon + läheisyys,luonto + n + lähe + isyys,Helsinki,Kaupunkirakenne hajautui ja ihanteena oli luonnonläheisyys.,luonnon + läheisyys,luonnon + läheisyys,0,0,0
Kuntavaalitulokset,Kuntavaalitulo + kset,kunta + vaali + tulo + kset,Helsinki,Kuntavaalitulokset Korruptio ja väärinkäytökset Rakentamiseen ja kaavoitukseen liittyviä rakenteellisen korruption esimerkkejä Helsingissä ovat muun muassa Hyvä veli -verkostot.,Kuntavaali + tulokset,Kuntavaalitulo + kset,0,0,0
Korruptio,Korruptio,korruptio,Helsinki,Kuntavaalitulokset Korruptio ja väärinkäytökset Rakentamiseen ja kaavoitukseen liittyviä rakenteellisen korruption esimerkkejä Helsingissä ovat muun muassa Hyvä veli -verkostot.,Korruptio,Korruptio,1,1,1
väärinkäytökset,väärin + käytökset,väärin + käytö + kset,Helsinki,Kuntavaalitulokset Korruptio ja väärinkäytökset Rakentamiseen ja kaavoitukseen liittyviä rakenteellisen korruption esimerkkejä Helsingissä ovat muun muassa Hyvä veli -verkostot.,väärin + käytökset,väärin + käytökset,0,0,0
Rakentamiseen,Rakentami + seen,rakentaminen + een,Helsinki,Kuntavaalitulokset Korruptio ja väärinkäytökset Rakentamiseen ja kaavoitukseen liittyviä rakenteellisen korruption esimerkkejä Helsingissä ovat muun muassa Hyvä veli -verkostot.,Rakentami + seen,Rakentami + seen,0,0,0
kaavoitukseen,kaavoitu + kseen,kaavoitus + een,Helsinki,Kuntavaalitulokset Korruptio ja väärinkäytökset Rakentamiseen ja kaavoitukseen liittyviä rakenteellisen korruption esimerkkejä Helsingissä ovat muun muassa Hyvä veli -verkostot.,kaavoitu + kseen,kaavoitu + kseen,0,0,0
liittyviä,liitty + viä,liittyvä + i + ä,Helsinki,Kuntavaalitulokset Korruptio ja väärinkäytökset Rakentamiseen ja kaavoitukseen liittyviä rakenteellisen korruption esimerkkejä Helsingissä ovat muun muassa Hyvä veli -verkostot.,liitty + viä,liitty + viä,0,0,0
rakenteellisen,rakenteelli + sen,rakenne + llise + n,Helsinki,Kuntavaalitulokset Korruptio ja väärinkäytökset Rakentamiseen ja kaavoitukseen liittyviä rakenteellisen korruption esimerkkejä Helsingissä ovat muun muassa Hyvä veli -verkostot.,rakenteelli + sen,rakenteelli + sen,0,0,0
korruption,korruptio + n,korruptio + n,Helsinki,Kuntavaalitulokset Korruptio ja väärinkäytökset Rakentamiseen ja kaavoitukseen liittyviä rakenteellisen korruption esimerkkejä Helsingissä ovat muun muassa Hyvä veli -verkostot.,korruptio + n,korruptio + n,1,1,1
esimerkkejä,esimerkk + ejä,esimerkki + j + ä,Helsinki,Kuntavaalitulokset Korruptio ja väärinkäytökset Rakentamiseen ja kaavoitukseen liittyviä rakenteellisen korruption esimerkkejä Helsingissä ovat muun muassa Hyvä veli -verkostot.,esimerkk + ejä,esimerkk + ejä,0,0,0
muassa,muassa,muu + ssa,Helsinki,Kuntavaalitulokset Korruptio ja väärinkäytökset Rakentamiseen ja kaavoitukseen liittyviä rakenteellisen korruption esimerkkejä Helsingissä ovat muun muassa Hyvä veli -verkostot.,mu + assa,muassa,0,0,0
verkostot,verkosto + t,verkosto + t,Helsinki,Kuntavaalitulokset Korruptio ja väärinkäytökset Rakentamiseen ja kaavoitukseen liittyviä rakenteellisen korruption esimerkkejä Helsingissä ovat muun muassa Hyvä veli -verkostot.,verkosto + t,verkosto + t,1,1,1
Lapsiperheiden,Lapsi + perheiden,lapsi + perhe + i + den,Helsinki,Lapsiperheiden suosimia nähtävyyksiä ovat Linnanmäen huvipuisto ja Korkeasaaren eläintarha.,Lapsiperhe + iden,Lapsiperhe + iden,0,0,0
suosimia,suosi + mia,suosi + ma + i + a,Helsinki,Lapsiperheiden suosimia nähtävyyksiä ovat Linnanmäen huvipuisto ja Korkeasaaren eläintarha.,suosi + mia,suosi + mia,0,0,0
nähtävyyksiä,nähtävyy + ksiä,nähtävyys + i + ä,Helsinki,Lapsiperheiden suosimia nähtävyyksiä ovat Linnanmäen huvipuisto ja Korkeasaaren eläintarha.,nähtävyy + ksiä,nähtävyy + ksiä,0,0,0
Linnanmäen,Linnanmä + en,linna + n + mäki + n,Helsinki,Lapsiperheiden suosimia nähtävyyksiä ovat Linnanmäen huvipuisto ja Korkeasaaren eläintarha.,Linnanmä + en,Linnanmä + en,0,0,0
huvipuisto,huvi + puisto,huvi + puisto,Helsinki,Lapsiperheiden suosimia nähtävyyksiä ovat Linnanmäen huvipuisto ja Korkeasaaren eläintarha.,huvi + puisto,huvi + puisto,1,1,1
Korkeasaaren,Korkeasaar + en,korkea + saari + n,Helsinki,Lapsiperheiden suosimia nähtävyyksiä ovat Linnanmäen huvipuisto ja Korkeasaaren eläintarha.,Korkeasaar + en,Korkeasaar + en,0,0,0
eläintarha,eläin + tarha,eläin + tarha,Helsinki,Lapsiperheiden suosimia nähtävyyksiä ovat Linnanmäen huvipuisto ja Korkeasaaren eläintarha.,eläin + tarha,eläin + tarha,1,1,1
Vuoden,Vuo + den,vuosi + n,Helsinki,"Vuoden 2011 lopussa Helsingin keskustaajamassa oli 1 159 211 asukasta ja sen pinta-ala oli 631,11 neliökilometriä.",Vuo + den,Vuo + den,0,0,0
lopussa,lopussa,loppu + ssa,Helsinki,"Vuoden 2011 lopussa Helsingin keskustaajamassa oli 1 159 211 asukasta ja sen pinta-ala oli 631,11 neliökilometriä.",lop + ussa,lop + ussa,0,0,0
Helsingin,Helsin + gin,Helsinki + n,Helsinki,"Vuoden 2011 lopussa Helsingin keskustaajamassa oli 1 159 211 asukasta ja sen pinta-ala oli 631,11 neliökilometriä.",Helsin + gin,Helsin + gin,0,0,0
keskustaajamassa,keskustaaja + massa,keskus + taajama + ssa,Helsinki,"Vuoden 2011 lopussa Helsingin keskustaajamassa oli 1 159 211 asukasta ja sen pinta-ala oli 631,11 neliökilometriä.",keskustaaja + massa,keskustaaja + massa,0,0,0
pintaala,pinta + ala,pinta + ala,Helsinki,"Vuoden 2011 lopussa Helsingin keskustaajamassa oli 1 159 211 asukasta ja sen pinta-ala oli 631,11 neliökilometriä.",pinta + ala,pinta + ala,1,1,1
neliökilometriä,neliö + kilometriä,neliö + kilometri + ä,Helsinki,"Vuoden 2011 lopussa Helsingin keskustaajamassa oli 1 159 211 asukasta ja sen pinta-ala oli 631,11 neliökilometriä.",neliö + kilometriä,neliö + kilometriä,0,0,0
työpaikkojen,työ + paikkojen,työ + paikka + j + en,Helsinki,Helsingin työpaikkojen suhde on palveluvaltainen.,työ + paikkojen,työ + paikkojen,0,0,0
suhde,suhde,suhde,Helsinki,Helsingin työpaikkojen suhde on palveluvaltainen.,suhde,suhde,1,1,1
palveluvaltainen,palvelu + valtainen,palvelu + valta + inen,Helsinki,Helsingin työpaikkojen suhde on palveluvaltainen.,palvelu + valtainen,palvelu + valtainen,0,0,0
metron,metro + n,metro + n,Helsinki,Helsingin metron rakentamisessa vältettiin kansainvälistä kilpailua.,metro + n,metro + n,1,1,1
rakentamisessa,rakentami + sessa,rakentaminen + ssa,Helsinki,Helsingin metron rakentamisessa vältettiin kansainvälistä kilpailua.,rakentami + sessa,rakentami + sessa,0,0,0
vältettiin,vält + ettiin,vält + ettiin,Helsinki,Helsingin metron rakentamisessa vältettiin kansainvälistä kilpailua.,vält + ettiin,vält + ettiin,1,1,1
kansainvälistä,kansain + välistä,kansa + in + väli + s + tä,Helsinki,Helsingin metron rakentamisessa vältettiin kansainvälistä kilpailua.,kansain + välistä,kansain + välistä,0,0,0
kilpailua,kilpailu + a,kilpailu + a,Helsinki,Helsingin metron rakentamisessa vältettiin kansainvälistä kilpailua.,kilpailu + a,kilpailu + a,1,1,1
Useat,Useat,usea + t,Helsinki,Useat suomalaiset pörssiyhtiöt ja lähes kaikki Suomen keskeiset pankit ja vakuutusyhtiöt pitävät Helsinkiä kotipaikkanaan.,Usea + t,Usea + t,0,1,1
suomalaiset,suomalai + set,suomi + lais + et,Helsinki,Useat suomalaiset pörssiyhtiöt ja lähes kaikki Suomen keskeiset pankit ja vakuutusyhtiöt pitävät Helsinkiä kotipaikkanaan.,suomalai + set,suomalai + set,0,0,0
pörssiyhtiöt,pörssi + yhtiöt,pörssi + yhtiö + t,Helsinki,Useat suomalaiset pörssiyhtiöt ja lähes kaikki Suomen keskeiset pankit ja vakuutusyhtiöt pitävät Helsinkiä kotipaikkanaan.,pörssi + yhtiöt,pörssi + yhtiöt,0,0,0
lähes,lähes,lähes,Helsinki,Useat suomalaiset pörssiyhtiöt ja lähes kaikki Suomen keskeiset pankit ja vakuutusyhtiöt pitävät Helsinkiä kotipaikkanaan.,lähes,lähes,1,1,1
kaikki,kaikki,kaikki,Helsinki,Useat suomalaiset pörssiyhtiöt ja lähes kaikki Suomen keskeiset pankit ja vakuutusyhtiöt pitävät Helsinkiä kotipaikkanaan.,kaikki,kaikki,1,1,1
keskeiset,keskei + set,keski + ise + t,Helsinki,Useat suomalaiset pörssiyhtiöt ja lähes kaikki Suomen keskeiset pankit ja vakuutusyhtiöt pitävät Helsinkiä kotipaikkanaan.,keskei + set,keskei + set,0,0,0
pankit,pank + it,pankki + t,Helsinki,Useat suomalaiset pörssiyhtiöt ja lähes kaikki Suomen keskeiset pankit ja vakuutusyhtiöt pitävät Helsinkiä kotipaikkanaan.,pank + it,pank + it,0,0,0
vakuutusyhtiöt,vakuutus + yhtiöt,vakuutus + yhtiö + t,Helsinki,Useat suomalaiset pörssiyhtiöt ja lähes kaikki Suomen keskeiset pankit ja vakuutusyhtiöt pitävät Helsinkiä kotipaikkanaan.,vakuutus + yhtiöt,vakuutus + yhtiöt,0,0,0
pitävät,pitä + vät,pitä + vät,Helsinki,Useat suomalaiset pörssiyhtiöt ja lähes kaikki Suomen keskeiset pankit ja vakuutusyhtiöt pitävät Helsinkiä kotipaikkanaan.,pitä + vät,pitä + vät,1,1,1
Helsinkiä,Helsinki + ä,Helsinki + ä,Helsinki,Useat suomalaiset pörssiyhtiöt ja lähes kaikki Suomen keskeiset pankit ja vakuutusyhtiöt pitävät Helsinkiä kotipaikkanaan.,Helsinki + ä,Helsinki + ä,1,1,1
kotipaikkanaan,koti + paikkanaan,koti + paikka + na + an,Helsinki,Useat suomalaiset pörssiyhtiöt ja lähes kaikki Suomen keskeiset pankit ja vakuutusyhtiöt pitävät Helsinkiä kotipaikkanaan.,koti + paikkanaan,koti + paikkanaan,0,0,0
Kruunuvuorenselän,Kruunuvuorensel + än,kruunu + vuori + n + selkä + n,Helsinki,"Kruunuvuorenselän lahtia ovat Eteläsatama ja Pohjoissatama, joiden välissä on Katajanokka.",Kruunuvuorenselä + n,Kruunuvuorenselä + n,0,0,0
lahtia,lahti + a,lahti + a,Helsinki,"Kruunuvuorenselän lahtia ovat Eteläsatama ja Pohjoissatama, joiden välissä on Katajanokka.",lahti + a,lahti + a,1,1,1
Eteläsatama,Eteläsatama,etelä + satama,Helsinki,"Kruunuvuorenselän lahtia ovat Eteläsatama ja Pohjoissatama, joiden välissä on Katajanokka.",Eteläsatama,Eteläsatama,0,0,0
Pohjoissatama,Pohjoissatama,pohja + is + satama,Helsinki,"Kruunuvuorenselän lahtia ovat Eteläsatama ja Pohjoissatama, joiden välissä on Katajanokka.",Pohjoissatama,Pohjoissatama,0,0,0
joiden,jo + iden,joka + i + den,Helsinki,"Kruunuvuorenselän lahtia ovat Eteläsatama ja Pohjoissatama, joiden välissä on Katajanokka.",jo + iden,jo + iden,0,0,0
välissä,välissä,väli + ssä,Helsinki,"Kruunuvuorenselän lahtia ovat Eteläsatama ja Pohjoissatama, joiden välissä on Katajanokka.",väli + ssä,väli + ssä,0,1,1
Katajanokka,Katajanokka,kataja + nokka,Helsinki,"Kruunuvuorenselän lahtia ovat Eteläsatama ja Pohjoissatama, joiden välissä on Katajanokka.",Katajanokka,Katajanokka,0,0,0
äidinkielen,äidin + kielen,äiti + n + kieli + n,Helsinki,Oman äidinkielen opetusta annetaan noin 40 kielellä.,äidin + kielen,äidin + kielen,0,0,0
opetusta,opetus + ta,opetus + ta,Helsinki,Oman äidinkielen opetusta annetaan noin 40 kielellä.,opetus + ta,opetus + ta,1,1,1
annetaan,an + netaan,anne + taan,Helsinki,Oman äidinkielen opetusta annetaan noin 40 kielellä.,an + netaan,an + netaan,0,0,0
kielellä,kiel + ellä,kieli + llä,Helsinki,Oman äidinkielen opetusta annetaan noin 40 kielellä.,kiel + ellä,kiel + ellä,0,0,0
Hyvinvointialueen,Hyvinvointialue + en,hyvin + voi + nti + alue + n,Helsinki,"Hyvinvointialueen tehtäviä Helsingissä hoitaa uusi Helsingin kaupungin sosiaali-, terveys- ja pelastustoimiala.",Hyvinvointialue + en,Hyvinvointialue + en,0,0,0
tehtäviä,tehtäv + iä,tehtävä + i + ä,Helsinki,"Hyvinvointialueen tehtäviä Helsingissä hoitaa uusi Helsingin kaupungin sosiaali-, terveys- ja pelastustoimiala.",tehtäv + iä,tehtäv + iä,0,0,0
hoitaa,hoitaa,hoita + a,Helsinki,"Hyvinvointialueen tehtäviä Helsingissä hoitaa uusi Helsingin kaupungin sosiaali-, terveys- ja pelastustoimiala.",hoitaa,hoitaa,0,0,0
kaupungin,kaupun + gin,kaupunki + n,Helsinki,"Hyvinvointialueen tehtäviä Helsingissä hoitaa uusi Helsingin kaupungin sosiaali-, terveys- ja pelastustoimiala.",kaupun + gin,kaupun + gin,0,0,0
sosiaali,sosiaali,sosiaali,Helsinki,"Hyvinvointialueen tehtäviä Helsingissä hoitaa uusi Helsingin kaupungin sosiaali-, terveys- ja pelastustoimiala.",sosiaali,sosiaali,1,1,1
terveys,terveys,terveys,Helsinki,"Hyvinvointialueen tehtäviä Helsingissä hoitaa uusi Helsingin kaupungin sosiaali-, terveys- ja pelastustoimiala.",terveys,terveys,1,1,1
pelastustoimiala,pelastus + toimiala,pelastus + toimi + ala,Helsinki,"Hyvinvointialueen tehtäviä Helsingissä hoitaa uusi Helsingin kaupungin sosiaali-, terveys- ja pelastustoimiala.",pelastus + toimiala,pelastus + toimiala,0,0,0
Kierrätykseen,Kierräty + kseen,kierrätys + een,Helsinki,"Kierrätykseen kelpaamaton sekajäte kuljetetaan Vantaan Energian jätevoimalaan, missä siitä tuotetaan sähköä ja kaukolämpöä.",Kierräty + kseen,Kierräty + kseen,0,0,0
kelpaamaton,kelpaamaton,kelpaa + maton,Helsinki,"Kierrätykseen kelpaamaton sekajäte kuljetetaan Vantaan Energian jätevoimalaan, missä siitä tuotetaan sähköä ja kaukolämpöä.",kelpaamaton,kelpaamaton,0,0,0
sekajäte,seka + jäte,seka + jäte,Helsinki,"Kierrätykseen kelpaamaton sekajäte kuljetetaan Vantaan Energian jätevoimalaan, missä siitä tuotetaan sähköä ja kaukolämpöä.",seka + jäte,seka + jäte,1,1,1
kuljetetaan,kuljet + etaan,kuljete + taan,Helsinki,"Kierrätykseen kelpaamaton sekajäte kuljetetaan Vantaan Energian jätevoimalaan, missä siitä tuotetaan sähköä ja kaukolämpöä.",kuljet + etaan,kuljet + etaan,0,0,0
Vantaan,Vantaa + n,Vantaa + n,Helsinki,"Kierrätykseen kelpaamaton sekajäte kuljetetaan Vantaan Energian jätevoimalaan, missä siitä tuotetaan sähköä ja kaukolämpöä.",Vantaa + n,Vantaa + n,1,1,1
Energian,Energia + n,energia + n,Helsinki,"Kierrätykseen kelpaamaton sekajäte kuljetetaan Vantaan Energian jätevoimalaan, missä siitä tuotetaan sähköä ja kaukolämpöä.",Energia + n,Energia + n,1,1,1
jätevoimalaan,jäte + voimalaan,jäte + voima + la + an,Helsinki,"Kierrätykseen kelpaamaton sekajäte kuljetetaan Vantaan Energian jätevoimalaan, missä siitä tuotetaan sähköä ja kaukolämpöä.",jäte + voimalaan,jäte + voimalaan,0,0,0
missä,mi + ssä,missä,Helsinki,"Kierrätykseen kelpaamaton sekajäte kuljetetaan Vantaan Energian jätevoimalaan, missä siitä tuotetaan sähköä ja kaukolämpöä.",mi + ssä,mi + ssä,0,0,0
siitä,siitä,se + i + tä,Helsinki,"Kierrätykseen kelpaamaton sekajäte kuljetetaan Vantaan Energian jätevoimalaan, missä siitä tuotetaan sähköä ja kaukolämpöä.",si + itä,si + itä,0,0,0
tuotetaan,tuot + etaan,tuote + taan,Helsinki,"Kierrätykseen kelpaamaton sekajäte kuljetetaan Vantaan Energian jätevoimalaan, missä siitä tuotetaan sähköä ja kaukolämpöä.",tuot + etaan,tuot + etaan,0,0,0
sähköä,sähkö + ä,sähkö + ä,Helsinki,"Kierrätykseen kelpaamaton sekajäte kuljetetaan Vantaan Energian jätevoimalaan, missä siitä tuotetaan sähköä ja kaukolämpöä.",sähkö + ä,sähkö + ä,1,1,1
kaukolämpöä,kauko + lämpöä,kauko + lämpö + ä,Helsinki,"Kierrätykseen kelpaamaton sekajäte kuljetetaan Vantaan Energian jätevoimalaan, missä siitä tuotetaan sähköä ja kaukolämpöä.",kauko + lämpöä,kauko + lämpöä,0,0,0
Niiden,Nii + den,ne + i + den,Helsinki,"Niiden itäpuolella on Herttoniemi, ja sen edustalla suuret saaret Laajasalo ja Santahamina, jotka rajoittavat Kruunuvuorenselkää itäpuolelta.",Nii + den,Nii + den,0,0,0
itäpuolella,itä + puolella,itä + puoli + lla,Helsinki,"Niiden itäpuolella on Herttoniemi, ja sen edustalla suuret saaret Laajasalo ja Santahamina, jotka rajoittavat Kruunuvuorenselkää itäpuolelta.",itä + puolella,itä + puolella,0,0,0
Herttoniemi,Herttoniemi,hertto + niemi,Helsinki,"Niiden itäpuolella on Herttoniemi, ja sen edustalla suuret saaret Laajasalo ja Santahamina, jotka rajoittavat Kruunuvuorenselkää itäpuolelta.",Herttoniemi,Herttoniemi,0,0,0
edustalla,edusta + lla,edusta + lla,Helsinki,"Niiden itäpuolella on Herttoniemi, ja sen edustalla suuret saaret Laajasalo ja Santahamina, jotka rajoittavat Kruunuvuorenselkää itäpuolelta.",edusta + lla,edusta + lla,1,1,1
suuret,suur + et,suuri + t,Helsinki,"Niiden itäpuolella on Herttoniemi, ja sen edustalla suuret saaret Laajasalo ja Santahamina, jotka rajoittavat Kruunuvuorenselkää itäpuolelta.",suur + et,suur + et,0,0,0
saaret,saar + et,saari + t,Helsinki,"Niiden itäpuolella on Herttoniemi, ja sen edustalla suuret saaret Laajasalo ja Santahamina, jotka rajoittavat Kruunuvuorenselkää itäpuolelta.",saar + et,saar + et,0,0,0
Laajasalo,Laajasalo,laaja + salo,Helsinki,"Niiden itäpuolella on Herttoniemi, ja sen edustalla suuret saaret Laajasalo ja Santahamina, jotka rajoittavat Kruunuvuorenselkää itäpuolelta.",Laajasalo,Laajasalo,0,0,0
Santahamina,Santahamina,santa + hamina,Helsinki,"Niiden itäpuolella on Herttoniemi, ja sen edustalla suuret saaret Laajasalo ja Santahamina, jotka rajoittavat Kruunuvuorenselkää itäpuolelta.",Santahamina,Santahamina,0,0,0
rajoittavat,rajoitta + vat,rajoitta + vat,Helsinki,"Niiden itäpuolella on Herttoniemi, ja sen edustalla suuret saaret Laajasalo ja Santahamina, jotka rajoittavat Kruunuvuorenselkää itäpuolelta.",rajoitta + vat,rajoitta + vat,1,1,1
Kruunuvuorenselkää,Kruunuvuorenselkä + ä,kruunu + vuori + n + selkä + ä,Helsinki,"Niiden itäpuolella on Herttoniemi, ja sen edustalla suuret saaret Laajasalo ja Santahamina, jotka rajoittavat Kruunuvuorenselkää itäpuolelta.",Kruunuvuorenselkä + ä,Kruunuvuorenselkä + ä,0,0,0
itäpuolelta,itä + puolelta,itä + puoli + lta,Helsinki,"Niiden itäpuolella on Herttoniemi, ja sen edustalla suuret saaret Laajasalo ja Santahamina, jotka rajoittavat Kruunuvuorenselkää itäpuolelta.",itä + puolelta,itä + puolelta,0,0,0
asunnoista,asun + noista,asunto + i + sta,Helsinki,"Helsingin asunnoista 47,8 % oli vuokra-asuntoja ja 41,2 % omistusasuntoja.",asun + noista,asun + noista,0,0,0
vuokraasuntoja,vuokra + asuntoja,vuokra + asunto + j + a,Helsinki,"Helsingin asunnoista 47,8 % oli vuokra-asuntoja ja 41,2 % omistusasuntoja.",vuokra + asuntoja,vuokra + asuntoja,0,0,0
omistusasuntoja,omistus + asuntoja,omistus + asunto + j + a,Helsinki,"Helsingin asunnoista 47,8 % oli vuokra-asuntoja ja 41,2 % omistusasuntoja.",omistus + asuntoja,omistus + asuntoja,0,0,0
Kirkko,Kirkko,kirkko,Helsinki,"Kirkko valmistui 1935 Lars Sonckin suunnittelemana, klassismilla ja sen toisinaan suosimalla punatiilellä pehmennettyyn funktionalistiseen tyyliin.",Kirkko,Kirkko,1,1,1
valmistui,valmistu + i,valmistu + i,Helsinki,"Kirkko valmistui 1935 Lars Sonckin suunnittelemana, klassismilla ja sen toisinaan suosimalla punatiilellä pehmennettyyn funktionalistiseen tyyliin.",valmistu + i,valmistu + i,1,1,1
Sonckin,Sonck + in,Sonck + i + n,Helsinki,"Kirkko valmistui 1935 Lars Sonckin suunnittelemana, klassismilla ja sen toisinaan suosimalla punatiilellä pehmennettyyn funktionalistiseen tyyliin.",Sonck + in,Sonck + in,0,0,0
suunnittelemana,suunnit + telemana,suunnittele + ma + na,Helsinki,"Kirkko valmistui 1935 Lars Sonckin suunnittelemana, klassismilla ja sen toisinaan suosimalla punatiilellä pehmennettyyn funktionalistiseen tyyliin.",suunnit + telemana,suunnit + telemana,0,0,0
klassismilla,klassismi + lla,klassismi + lla,Helsinki,"Kirkko valmistui 1935 Lars Sonckin suunnittelemana, klassismilla ja sen toisinaan suosimalla punatiilellä pehmennettyyn funktionalistiseen tyyliin.",klassismi + lla,klassismi + lla,1,1,1
toisinaan,toisinaan,toisinaan,Helsinki,"Kirkko valmistui 1935 Lars Sonckin suunnittelemana, klassismilla ja sen toisinaan suosimalla punatiilellä pehmennettyyn funktionalistiseen tyyliin.",toi + sinaan,toisinaan,1,0,1
suosimalla,suosi + malla,suosi + ma + lla,Helsinki,"Kirkko valmistui 1935 Lars Sonckin suunnittelemana, klassismilla ja sen toisinaan suosimalla punatiilellä pehmennettyyn funktionalistiseen tyyliin.",suosi + malla,suosi + malla,0,0,0
punatiilellä,puna + tiilellä,puna + tiili + llä,Helsinki,"Kirkko valmistui 1935 Lars Sonckin suunnittelemana, klassismilla ja sen toisinaan suosimalla punatiilellä pehmennettyyn funktionalistiseen tyyliin.",puna + tiilellä,puna + tiilellä,0,0,0
pehmennettyyn,pehmen + nettyyn,pehmenne + tty + yn,Helsinki,"Kirkko valmistui 1935 Lars Sonckin suunnittelemana, klassismilla ja sen toisinaan suosimalla punatiilellä pehmennettyyn funktionalistiseen tyyliin.",pehmen + nettyyn,pehmen + nettyyn,0,0,0
funktionalistiseen,funktionalisti + seen,funktionalisti + ise + en,Helsinki,"Kirkko valmistui 1935 Lars Sonckin suunnittelemana, klassismilla ja sen toisinaan suosimalla punatiilellä pehmennettyyn funktionalistiseen tyyliin.",funktionalisti + seen,funktionalisti + seen,0,0,0
tyyliin,tyyli + in,tyyli + in,Helsinki,"Kirkko valmistui 1935 Lars Sonckin suunnittelemana, klassismilla ja sen toisinaan suosimalla punatiilellä pehmennettyyn funktionalistiseen tyyliin.",tyyli + in,tyyli + in,1,1,1
Auringon,Aurin + gon,aurinko + n,Helsinki,"Auringon kulma kesäpäivänseisauksessa on korkeimmillaan 53,3° ja talvipäivänseisauksessa 6,5°.",Aurin + gon,Auringo + n,0,0,0
kulma,kulma,kulma,Helsinki,"Auringon kulma kesäpäivänseisauksessa on korkeimmillaan 53,3° ja talvipäivänseisauksessa 6,5°.",kulma,kulma,1,1,1
kesäpäivänseisauksessa,kesä + päivänseisauksessa,kesä + päivä + n + seisaus + ssa,Helsinki,"Auringon kulma kesäpäivänseisauksessa on korkeimmillaan 53,3° ja talvipäivänseisauksessa 6,5°.",kesä + päivänseisauksessa,kesä + päivänseisauksessa,0,0,0
korkeimmillaan,korke + immillaan,korkea + immi + lla + an,Helsinki,"Auringon kulma kesäpäivänseisauksessa on korkeimmillaan 53,3° ja talvipäivänseisauksessa 6,5°.",korke + immillaan,korke + immillaan,0,0,0
talvipäivänseisauksessa,talvi + päivänseisauksessa,talvi + päivä + n + seisaus + ssa,Helsinki,"Auringon kulma kesäpäivänseisauksessa on korkeimmillaan 53,3° ja talvipäivänseisauksessa 6,5°.",talvi + päivänseisauksessa,talvi + päivänseisauksessa,0,0,0
Herätysliikkeiden,Herätysliik + keiden,herätys + liike + i + den,Helsinki,"Herätysliikkeiden kannattajajoukot ovat määrällisesti Helsingissä muuta maata suuremmat, mutta suhteellinen osuus väestöstä ja siten vaikutus seurakuntaelämään pienempi.",Herätysliik + keiden,Herätysliik + keiden,0,0,0
kannattajajoukot,kannattaja + joukot,kannattaja + joukko + t,Helsinki,"Herätysliikkeiden kannattajajoukot ovat määrällisesti Helsingissä muuta maata suuremmat, mutta suhteellinen osuus väestöstä ja siten vaikutus seurakuntaelämään pienempi.",kannattaja + joukot,kannattaja + joukot,0,0,0
määrällisesti,määrällisesti,määrä + llise + sti,Helsinki,"Herätysliikkeiden kannattajajoukot ovat määrällisesti Helsingissä muuta maata suuremmat, mutta suhteellinen osuus väestöstä ja siten vaikutus seurakuntaelämään pienempi.",määrällisesti,määrällisesti,0,0,0
muuta,muu + ta,muu + ta,Helsinki,"Herätysliikkeiden kannattajajoukot ovat määrällisesti Helsingissä muuta maata suuremmat, mutta suhteellinen osuus väestöstä ja siten vaikutus seurakuntaelämään pienempi.",muu + ta,muu + ta,1,1,1
maata,maa + ta,maa + ta,Helsinki,"Herätysliikkeiden kannattajajoukot ovat määrällisesti Helsingissä muuta maata suuremmat, mutta suhteellinen osuus väestöstä ja siten vaikutus seurakuntaelämään pienempi.",maa + ta,maa + ta,1,1,1
suuremmat,suur + emmat,suuri + mma + t,Helsinki,"Herätysliikkeiden kannattajajoukot ovat määrällisesti Helsingissä muuta maata suuremmat, mutta suhteellinen osuus väestöstä ja siten vaikutus seurakuntaelämään pienempi.",suur + emmat,suur + emmat,0,0,0
mutta,mutta,mutta,Helsinki,"Herätysliikkeiden kannattajajoukot ovat määrällisesti Helsingissä muuta maata suuremmat, mutta suhteellinen osuus väestöstä ja siten vaikutus seurakuntaelämään pienempi.",mutta,mutta,1,1,1
suhteellinen,suhteellinen,suhde + llinen,Helsinki,"Herätysliikkeiden kannattajajoukot ovat määrällisesti Helsingissä muuta maata suuremmat, mutta suhteellinen osuus väestöstä ja siten vaikutus seurakuntaelämään pienempi.",suhteellinen,suhteellinen,0,0,0
osuus,osuus,osuus,Helsinki,"Herätysliikkeiden kannattajajoukot ovat määrällisesti Helsingissä muuta maata suuremmat, mutta suhteellinen osuus väestöstä ja siten vaikutus seurakuntaelämään pienempi.",osuus,osuus,1,1,1
siten,siten,siten,Helsinki,"Herätysliikkeiden kannattajajoukot ovat määrällisesti Helsingissä muuta maata suuremmat, mutta suhteellinen osuus väestöstä ja siten vaikutus seurakuntaelämään pienempi.",siten,si + ten,1,1,0
vaikutus,vaikutus,vaikutus,Helsinki,"Herätysliikkeiden kannattajajoukot ovat määrällisesti Helsingissä muuta maata suuremmat, mutta suhteellinen osuus väestöstä ja siten vaikutus seurakuntaelämään pienempi.",vaikutus,vaikutus,1,1,1
seurakuntaelämään,seura + kuntaelämään,seura + kunta + elämä + än,Helsinki,"Herätysliikkeiden kannattajajoukot ovat määrällisesti Helsingissä muuta maata suuremmat, mutta suhteellinen osuus väestöstä ja siten vaikutus seurakuntaelämään pienempi.",seura + kuntaelämään,seura + kuntaelämään,0,0,0
pienempi,pien + empi,pieni + mpi,Helsinki,"Herätysliikkeiden kannattajajoukot ovat määrällisesti Helsingissä muuta maata suuremmat, mutta suhteellinen osuus väestöstä ja siten vaikutus seurakuntaelämään pienempi.",pien + empi,pien + empi,0,0,0
Punakaarti,Punakaarti,puna + kaarti,Helsinki,"Punakaarti otti kaupungin haltuunsa, ja senaatti joutui lähtemään evakkoon Vaasaan.",Punakaarti,Punakaarti,0,0,0
haltuunsa,haltuun + sa,haltuun + sa,Helsinki,"Punakaarti otti kaupungin haltuunsa, ja senaatti joutui lähtemään evakkoon Vaasaan.",haltuu + nsa,haltuu + nsa,1,0,0
senaatti,senaatti,senaatti,Helsinki,"Punakaarti otti kaupungin haltuunsa, ja senaatti joutui lähtemään evakkoon Vaasaan.",senaatti,senaatti,1,1,1
joutui,joutu + i,joutu + i,Helsinki,"Punakaarti otti kaupungin haltuunsa, ja senaatti joutui lähtemään evakkoon Vaasaan.",joutu + i,joutu + i,1,1,1
lähtemään,lähte + mään,lähte + mä + än,Helsinki,"Punakaarti otti kaupungin haltuunsa, ja senaatti joutui lähtemään evakkoon Vaasaan.",lähte + mään,lähte + mään,0,0,0
evakkoon,evakko + on,evakko + on,Helsinki,"Punakaarti otti kaupungin haltuunsa, ja senaatti joutui lähtemään evakkoon Vaasaan.",evakko + on,evakko + on,1,1,1
Vaasaan,Vaasa + an,Vaasa + an,Helsinki,"Punakaarti otti kaupungin haltuunsa, ja senaatti joutui lähtemään evakkoon Vaasaan.",Vaasa + an,Vaasa + an,1,1,1
Neuvontapalveluita,Neuvontapalvelu + ita,neuvonta + palvelu + i + ta,Helsinki,"Neuvontapalveluita saa asumiseen, työnhakuun, työsuojeluun, verotukseen, opiskeluun, perheasioihin, vapaa-aikaan sekä viranomaisten kanssa toimimiseen.",Neuvontapalvelu + ita,Neuvontapalvelu + ita,0,0,0
asumiseen,asumi + seen,asu + minen + een,Helsinki,"Neuvontapalveluita saa asumiseen, työnhakuun, työsuojeluun, verotukseen, opiskeluun, perheasioihin, vapaa-aikaan sekä viranomaisten kanssa toimimiseen.",asumi + seen,asumi + seen,0,0,0
työnhakuun,työn + hakuun,työ + n + haku + un,Helsinki,"Neuvontapalveluita saa asumiseen, työnhakuun, työsuojeluun, verotukseen, opiskeluun, perheasioihin, vapaa-aikaan sekä viranomaisten kanssa toimimiseen.",työn + hakuun,työn + hakuun,0,0,0
työsuojeluun,työ + suojeluun,työ + suojelu + un,Helsinki,"Neuvontapalveluita saa asumiseen, työnhakuun, työsuojeluun, verotukseen, opiskeluun, perheasioihin, vapaa-aikaan sekä viranomaisten kanssa toimimiseen.",työ + suojeluun,työ + suojeluun,0,0,0
verotukseen,verotu + kseen,vero + tus + een,Helsinki,"Neuvontapalveluita saa asumiseen, työnhakuun, työsuojeluun, verotukseen, opiskeluun, perheasioihin, vapaa-aikaan sekä viranomaisten kanssa toimimiseen.",verotu + kseen,verotu + kseen,0,0,0
opiskeluun,opiskelu + un,opiskelu + un,Helsinki,"Neuvontapalveluita saa asumiseen, työnhakuun, työsuojeluun, verotukseen, opiskeluun, perheasioihin, vapaa-aikaan sekä viranomaisten kanssa toimimiseen.",opiskelu + un,opiskelu + un,1,1,1
perheasioihin,perhe + asioihin,perhe + asia + i + hin,Helsinki,"Neuvontapalveluita saa asumiseen, työnhakuun, työsuojeluun, verotukseen, opiskeluun, perheasioihin, vapaa-aikaan sekä viranomaisten kanssa toimimiseen.",perhe + asioihin,perhe + asioihin,0,0,0
vapaaaikaan,vapaa + aikaan,vapaa + aika + an,Helsinki,"Neuvontapalveluita saa asumiseen, työnhakuun, työsuojeluun, verotukseen, opiskeluun, perheasioihin, vapaa-aikaan sekä viranomaisten kanssa toimimiseen.",vapaa + aikaan,vapaa + aikaan,0,0,0
viranomaisten,viran + omaisten,viran + oma + is + ten,Helsinki,"Neuvontapalveluita saa asumiseen, työnhakuun, työsuojeluun, verotukseen, opiskeluun, perheasioihin, vapaa-aikaan sekä viranomaisten kanssa toimimiseen.",viran + omaisten,viran + omaisten,0,0,0
kanssa,kanssa,kanssa,Helsinki,"Neuvontapalveluita saa asumiseen, työnhakuun, työsuojeluun, verotukseen, opiskeluun, perheasioihin, vapaa-aikaan sekä viranomaisten kanssa toimimiseen.",kanssa,kanssa,1,1,1
toimimiseen,toimimi + seen,toimi + minen + een,Helsinki,"Neuvontapalveluita saa asumiseen, työnhakuun, työsuojeluun, verotukseen, opiskeluun, perheasioihin, vapaa-aikaan sekä viranomaisten kanssa toimimiseen.",toimimi + seen,toimimi + seen,0,0,0
Höijerin,Höijeri + n,Höijer + i + n,Helsinki,"Höijerin piirustusten mukaan on rakennettu myös muun muassa Ateneumin taidemuseo (1887), jonka arkkitehtuuriin kuuluvat monet korkokuvat ja patsaat, Erottajan paloasema (1891) sekä Rikhardinkadun kirjasto (1881).",Höijer + in,Höijer + in,0,0,0
piirustusten,piirustus + ten,piirustus + ten,Helsinki,"Höijerin piirustusten mukaan on rakennettu myös muun muassa Ateneumin taidemuseo (1887), jonka arkkitehtuuriin kuuluvat monet korkokuvat ja patsaat, Erottajan paloasema (1891) sekä Rikhardinkadun kirjasto (1881).",piirustus + ten,piirustus + ten,1,1,1
mukaan,mukaan,mukaan,Helsinki,"Höijerin piirustusten mukaan on rakennettu myös muun muassa Ateneumin taidemuseo (1887), jonka arkkitehtuuriin kuuluvat monet korkokuvat ja patsaat, Erottajan paloasema (1891) sekä Rikhardinkadun kirjasto (1881).",mukaan,mukaan,1,1,1
rakennettu,raken + nettu,rakenne + ttu,Helsinki,"Höijerin piirustusten mukaan on rakennettu myös muun muassa Ateneumin taidemuseo (1887), jonka arkkitehtuuriin kuuluvat monet korkokuvat ja patsaat, Erottajan paloasema (1891) sekä Rikhardinkadun kirjasto (1881).",raken + nettu,raken + nettu,0,0,0
Ateneumin,Ateneum + in,Ateneum + i + n,Helsinki,"Höijerin piirustusten mukaan on rakennettu myös muun muassa Ateneumin taidemuseo (1887), jonka arkkitehtuuriin kuuluvat monet korkokuvat ja patsaat, Erottajan paloasema (1891) sekä Rikhardinkadun kirjasto (1881).",Ateneum + in,Ateneum + in,0,0,0
taidemuseo,taide + museo,taide + museo,Helsinki,"Höijerin piirustusten mukaan on rakennettu myös muun muassa Ateneumin taidemuseo (1887), jonka arkkitehtuuriin kuuluvat monet korkokuvat ja patsaat, Erottajan paloasema (1891) sekä Rikhardinkadun kirjasto (1881).",taide + museo,taide + museo,1,1,1
jonka,jo + nka,joka + n,Helsinki,"Höijerin piirustusten mukaan on rakennettu myös muun muassa Ateneumin taidemuseo (1887), jonka arkkitehtuuriin kuuluvat monet korkokuvat ja patsaat, Erottajan paloasema (1891) sekä Rikhardinkadun kirjasto (1881).",jo + nka,jo + nka,0,0,0
arkkitehtuuriin,arkkitehtuuri + in,arkkitehtuuri + in,Helsinki,"Höijerin piirustusten mukaan on rakennettu myös muun muassa Ateneumin taidemuseo (1887), jonka arkkitehtuuriin kuuluvat monet korkokuvat ja patsaat, Erottajan paloasema (1891) sekä Rikhardinkadun kirjasto (1881).",arkkitehtuuri + in,arkkitehtuuri + in,1,1,1
kuuluvat,kuulu + vat,kuulu + vat,Helsinki,"Höijerin piirustusten mukaan on rakennettu myös muun muassa Ateneumin taidemuseo (1887), jonka arkkitehtuuriin kuuluvat monet korkokuvat ja patsaat, Erottajan paloasema (1891) sekä Rikhardinkadun kirjasto (1881).",kuulu + vat,kuulu + vat,1,1,1
monet,mon + et,moni + t,Helsinki,"Höijerin piirustusten mukaan on rakennettu myös muun muassa Ateneumin taidemuseo (1887), jonka arkkitehtuuriin kuuluvat monet korkokuvat ja patsaat, Erottajan paloasema (1891) sekä Rikhardinkadun kirjasto (1881).",mon + et,mon + et,0,0,0
korkokuvat,korko + kuvat,korko + kuva + t,Helsinki,"Höijerin piirustusten mukaan on rakennettu myös muun muassa Ateneumin taidemuseo (1887), jonka arkkitehtuuriin kuuluvat monet korkokuvat ja patsaat, Erottajan paloasema (1891) sekä Rikhardinkadun kirjasto (1881).",korko + kuvat,korko + kuvat,0,0,0
patsaat,patsa + at,patsas + t,Helsinki,"Höijerin piirustusten mukaan on rakennettu myös muun muassa Ateneumin taidemuseo (1887), jonka arkkitehtuuriin kuuluvat monet korkokuvat ja patsaat, Erottajan paloasema (1891) sekä Rikhardinkadun kirjasto (1881).",patsa + at,patsa + at,0,0,0
Erottajan,Erottaja + n,erottaja + n,Helsinki,"Höijerin piirustusten mukaan on rakennettu myös muun muassa Ateneumin taidemuseo (1887), jonka arkkitehtuuriin kuuluvat monet korkokuvat ja patsaat, Erottajan paloasema (1891) sekä Rikhardinkadun kirjasto (1881).",Erottaja + n,Erottaja + n,1,1,1
paloasema,palo + asema,palo + asema,Helsinki,"Höijerin piirustusten mukaan on rakennettu myös muun muassa Ateneumin taidemuseo (1887), jonka arkkitehtuuriin kuuluvat monet korkokuvat ja patsaat, Erottajan paloasema (1891) sekä Rikhardinkadun kirjasto (1881).",palo + asema,palo + asema,1,1,1
Rikhardinkadun,Rikhardinka + dun,Rikhard + i + n + katu + n,Helsinki,"Höijerin piirustusten mukaan on rakennettu myös muun muassa Ateneumin taidemuseo (1887), jonka arkkitehtuuriin kuuluvat monet korkokuvat ja patsaat, Erottajan paloasema (1891) sekä Rikhardinkadun kirjasto (1881).",Rikhardinka + dun,Rikhardinkadu + n,0,0,0
kirjasto,kirjasto,kirjasto,Helsinki,"Höijerin piirustusten mukaan on rakennettu myös muun muassa Ateneumin taidemuseo (1887), jonka arkkitehtuuriin kuuluvat monet korkokuvat ja patsaat, Erottajan paloasema (1891) sekä Rikhardinkadun kirjasto (1881).",kirjasto,kirjasto,1,1,1
Helsinkinimen,Helsinki + nimen,Helsinki + nimi + n,Helsinki,"Helsinki-nimen alkuperä Keskiajalla, niin sanotun toisen ristiretken jälkeen, ruotsalaisten kolonisaatio ulottui myös Uudellemaalle.",Helsinkinim + en,Helsinkinim + en,0,0,0
